,,mean_fit_time,std_fit_time,mean_score_time,std_score_time,param_C,param_epsilon,param_gamma,param_kernel,params,split0_test_score,split1_test_score,split2_test_score,split3_test_score,split4_test_score,mean_test_score,std_test_score,rank_test_score
Output_0,0,0.1052861213684082,0.008957239315556738,0.05151534080505371,0.009967204593308139,0.1,0.01,0.01,rbf,"{'C': 0.1, 'epsilon': 0.01, 'gamma': 0.01, 'kernel': 'rbf'}",-0.0052547390133382745,-0.006478880800893343,-0.006413227016761906,-0.005525708622296752,-0.006852381208415461,-0.006104987332341147,0.000608587161012964,17
Output_0,1,0.09373154640197753,0.005102010073267182,0.04215221405029297,0.009183689267635258,0.1,0.01,0.1,rbf,"{'C': 0.1, 'epsilon': 0.01, 'gamma': 0.1, 'kernel': 'rbf'}",-0.0009189192928287818,-0.0010835794683369542,-0.0010873716789150613,-0.0010310554906997652,-0.0010894154980371643,-0.0010420682857635454,6.527524850313494e-05,7
Output_0,2,0.032672786712646486,0.0027754638013034023,0.0146697998046875,0.005477378283673143,0.1,0.01,1,rbf,"{'C': 0.1, 'epsilon': 0.01, 'gamma': 1, 'kernel': 'rbf'}",-7.266854159153884e-05,-7.858159892359072e-05,-6.615259241231624e-05,-7.336149860043992e-05,-7.219277281638612e-05,-7.259140086885437e-05,3.952179970761915e-06,5
Output_0,3,0.048004770278930665,0.0020549026913030365,0.022296810150146486,0.007356729936242373,0.1,0.1,0.01,rbf,"{'C': 0.1, 'epsilon': 0.1, 'gamma': 0.01, 'kernel': 'rbf'}",-0.010570249585444147,-0.012223485376193192,-0.012104521346062973,-0.01025386658620119,-0.013004386117309369,-0.011631301802242176,0.0010471999082655415,18
Output_0,4,0.015540695190429688,0.004419136806281175,0.003391265869140625,0.0027929034875245015,0.1,0.1,0.1,rbf,"{'C': 0.1, 'epsilon': 0.1, 'gamma': 0.1, 'kernel': 'rbf'}",-0.0037682739274875034,-0.003917453842197606,-0.004071984186475454,-0.0034873428188394256,-0.004143823926752047,-0.0038777757403504073,0.00023430809760653442,15
Output_0,5,0.0007977008819580079,0.0009769800669917564,0.0005255699157714844,0.0006740283170627404,0.1,0.1,1,rbf,"{'C': 0.1, 'epsilon': 0.1, 'gamma': 1, 'kernel': 'rbf'}",-0.0021905949534851863,-0.0024174504701607786,-0.002366106172495665,-0.002125739858667874,-0.002471739292600623,-0.0023143261494820255,0.00013339332207503598,14
Output_0,6,0.003001499176025391,0.006002998352050782,0.0,0.0,0.1,1,0.01,rbf,"{'C': 0.1, 'epsilon': 1, 'gamma': 0.01, 'kernel': 'rbf'}",-0.04612454783741657,-0.04955894769385513,-0.049912281823652066,-0.04398064798394346,-0.05139882418140987,-0.04819504990405542,0.0027247544703748734,19
Output_0,7,0.0,0.0,0.0,0.0,0.1,1,0.1,rbf,"{'C': 0.1, 'epsilon': 1, 'gamma': 0.1, 'kernel': 'rbf'}",-0.04612454783741657,-0.04955894769385513,-0.049912281823652066,-0.04398064798394346,-0.05139882418140987,-0.04819504990405542,0.0027247544703748734,19
Output_0,8,0.0,0.0,0.0,0.0,0.1,1,1,rbf,"{'C': 0.1, 'epsilon': 1, 'gamma': 1, 'kernel': 'rbf'}",-0.04612454783741657,-0.04955894769385513,-0.049912281823652066,-0.04398064798394346,-0.05139882418140987,-0.04819504990405542,0.0027247544703748734,19
Output_0,9,0.0031313419342041014,0.006262683868408203,0.0,0.0,0.1,10,0.01,rbf,"{'C': 0.1, 'epsilon': 10, 'gamma': 0.01, 'kernel': 'rbf'}",-0.046124547837416555,-0.04955894769385514,-0.049912281823652066,-0.043980647983943466,-0.05139882418140987,-0.04819504990405542,0.002724754470374874,19
Output_0,10,0.0,0.0,0.0,0.0,0.1,10,0.1,rbf,"{'C': 0.1, 'epsilon': 10, 'gamma': 0.1, 'kernel': 'rbf'}",-0.046124547837416555,-0.04955894769385514,-0.049912281823652066,-0.043980647983943466,-0.05139882418140987,-0.04819504990405542,0.002724754470374874,19
Output_0,11,0.0,0.0,0.0,0.0,0.1,10,1,rbf,"{'C': 0.1, 'epsilon': 10, 'gamma': 1, 'kernel': 'rbf'}",-0.046124547837416555,-0.04955894769385514,-0.049912281823652066,-0.043980647983943466,-0.05139882418140987,-0.04819504990405542,0.002724754470374874,19
Output_0,12,0.0,0.0,0.0,0.0,0.1,20,0.01,rbf,"{'C': 0.1, 'epsilon': 20, 'gamma': 0.01, 'kernel': 'rbf'}",-0.046124547837416555,-0.04955894769385514,-0.049912281823652066,-0.04398064798394346,-0.05139882418140987,-0.04819504990405542,0.002724754470374876,19
Output_0,13,0.0,0.0,0.0,0.0,0.1,20,0.1,rbf,"{'C': 0.1, 'epsilon': 20, 'gamma': 0.1, 'kernel': 'rbf'}",-0.046124547837416555,-0.04955894769385514,-0.049912281823652066,-0.04398064798394346,-0.05139882418140987,-0.04819504990405542,0.002724754470374876,19
Output_0,14,0.0,0.0,0.0,0.0,0.1,20,1,rbf,"{'C': 0.1, 'epsilon': 20, 'gamma': 1, 'kernel': 'rbf'}",-0.046124547837416555,-0.04955894769385514,-0.049912281823652066,-0.04398064798394346,-0.05139882418140987,-0.04819504990405542,0.002724754470374876,19
Output_0,15,0.1071157455444336,0.008789091470551841,0.04506206512451172,0.0024532640447176204,1,0.01,0.01,rbf,"{'C': 1, 'epsilon': 0.01, 'gamma': 0.01, 'kernel': 'rbf'}",-0.002017078841151846,-0.0022087703302604185,-0.002229216080570502,-0.002197278984159812,-0.002356721443435802,-0.0022018131359156762,0.00010857552750200273,12
Output_0,16,0.03238234519958496,0.0019885250420164655,0.012316036224365234,0.004643552889057981,1,0.01,0.1,rbf,"{'C': 1, 'epsilon': 0.01, 'gamma': 0.1, 'kernel': 'rbf'}",-6.0083878922878624e-05,-6.051746172822501e-05,-5.5901113328106765e-05,-6.337081299281192e-05,-5.739705724467042e-05,-5.945406484333855e-05,2.5970421446923976e-06,4
Output_0,17,0.018142509460449218,0.004419784871501054,0.007258987426757813,0.006898165889777208,1,0.01,1,rbf,"{'C': 1, 'epsilon': 0.01, 'gamma': 1, 'kernel': 'rbf'}",-2.7322663376722823e-05,-3.468870979917382e-05,-3.3182880168121324e-05,-3.079000967743718e-05,-3.09801738631042e-05,-3.139288737691187e-05,2.4966792748923413e-06,3
Output_0,18,0.009879827499389648,0.005861723606175725,0.007445764541625976,0.007023680696742115,1,0.1,0.01,rbf,"{'C': 1, 'epsilon': 0.1, 'gamma': 0.01, 'kernel': 'rbf'}",-0.003817861611181442,-0.004072851764497129,-0.004217290272438653,-0.003620265595942201,-0.004346746167744071,-0.0040150030823606995,0.00026419784058048264,16
Output_0,19,0.0031178474426269533,0.0062356948852539075,0.0,0.0,1,0.1,0.1,rbf,"{'C': 1, 'epsilon': 0.1, 'gamma': 0.1, 'kernel': 'rbf'}",-0.0021208094854315387,-0.002148952887148377,-0.002142150742545628,-0.0020725074123142005,-0.0021832916864395154,-0.002133542442775852,3.653484641264664e-05,11
Output_0,20,0.0031308650970458983,0.006261730194091796,0.0,0.0,1,0.1,1,rbf,"{'C': 1, 'epsilon': 0.1, 'gamma': 1, 'kernel': 'rbf'}",-0.002092887416129525,-0.0019420623431107805,-0.0022570494542568857,-0.0018492196477433581,-0.002164521042200864,-0.0020611479806882825,0.00014776046584727442,9
Output_0,21,0.0,0.0,0.0,0.0,1,1,0.01,rbf,"{'C': 1, 'epsilon': 1, 'gamma': 0.01, 'kernel': 'rbf'}",-0.04612454783741657,-0.04955894769385513,-0.049912281823652066,-0.04398064798394346,-0.05139882418140987,-0.04819504990405542,0.0027247544703748734,19
Output_0,22,0.0031177520751953123,0.006235504150390625,0.0,0.0,1,1,0.1,rbf,"{'C': 1, 'epsilon': 1, 'gamma': 0.1, 'kernel': 'rbf'}",-0.04612454783741657,-0.04955894769385513,-0.049912281823652066,-0.04398064798394346,-0.05139882418140987,-0.04819504990405542,0.0027247544703748734,19
Output_0,23,0.0,0.0,0.0,0.0,1,1,1,rbf,"{'C': 1, 'epsilon': 1, 'gamma': 1, 'kernel': 'rbf'}",-0.04612454783741657,-0.04955894769385513,-0.049912281823652066,-0.04398064798394346,-0.05139882418140987,-0.04819504990405542,0.0027247544703748734,19
Output_0,24,0.0,0.0,0.0,0.0,1,10,0.01,rbf,"{'C': 1, 'epsilon': 10, 'gamma': 0.01, 'kernel': 'rbf'}",-0.046124547837416555,-0.04955894769385514,-0.049912281823652066,-0.043980647983943466,-0.05139882418140987,-0.04819504990405542,0.002724754470374874,19
Output_0,25,0.0031243324279785155,0.006248664855957031,0.0,0.0,1,10,0.1,rbf,"{'C': 1, 'epsilon': 10, 'gamma': 0.1, 'kernel': 'rbf'}",-0.046124547837416555,-0.04955894769385514,-0.049912281823652066,-0.043980647983943466,-0.05139882418140987,-0.04819504990405542,0.002724754470374874,19
Output_0,26,0.0,0.0,0.0,0.0,1,10,1,rbf,"{'C': 1, 'epsilon': 10, 'gamma': 1, 'kernel': 'rbf'}",-0.046124547837416555,-0.04955894769385514,-0.049912281823652066,-0.043980647983943466,-0.05139882418140987,-0.04819504990405542,0.002724754470374874,19
Output_0,27,0.0,0.0,0.0,0.0,1,20,0.01,rbf,"{'C': 1, 'epsilon': 20, 'gamma': 0.01, 'kernel': 'rbf'}",-0.046124547837416555,-0.04955894769385514,-0.049912281823652066,-0.04398064798394346,-0.05139882418140987,-0.04819504990405542,0.002724754470374876,19
Output_0,28,0.0031241416931152345,0.006248283386230469,0.0,0.0,1,20,0.1,rbf,"{'C': 1, 'epsilon': 20, 'gamma': 0.1, 'kernel': 'rbf'}",-0.046124547837416555,-0.04955894769385514,-0.049912281823652066,-0.04398064798394346,-0.05139882418140987,-0.04819504990405542,0.002724754470374876,19
Output_0,29,0.0,0.0,0.0,0.0,1,20,1,rbf,"{'C': 1, 'epsilon': 20, 'gamma': 1, 'kernel': 'rbf'}",-0.046124547837416555,-0.04955894769385514,-0.049912281823652066,-0.04398064798394346,-0.05139882418140987,-0.04819504990405542,0.002724754470374876,19
Output_0,30,0.0915365219116211,0.007170374679754686,0.03517022132873535,0.009056179719124193,10,0.01,0.01,rbf,"{'C': 10, 'epsilon': 0.01, 'gamma': 0.01, 'kernel': 'rbf'}",-0.0004255199938267395,-0.0004960887692422074,-0.00044963240247053194,-0.0005053018266792872,-0.0004918501749787006,-0.00047367863343949335,3.075685696703194e-05,6
Output_0,31,0.017183685302734376,0.0019313116070950054,0.00664052963256836,0.007366732812649937,10,0.01,0.1,rbf,"{'C': 10, 'epsilon': 0.01, 'gamma': 0.1, 'kernel': 'rbf'}",-2.7489047189621477e-05,-2.5918688950764607e-05,-2.5780692732043224e-05,-2.5630187498758317e-05,-2.475029105885927e-05,-2.591378148600938e-05,8.869424175552778e-07,1
Output_0,32,0.023320388793945313,0.006981861578953725,0.0003971576690673828,0.0007943153381347656,10,0.01,1,rbf,"{'C': 10, 'epsilon': 0.01, 'gamma': 1, 'kernel': 'rbf'}",-2.6455648369282935e-05,-3.104759383121983e-05,-3.134393544464738e-05,-2.8943280714745662e-05,-2.708602765209405e-05,-2.897529720239797e-05,1.991173280851165e-06,2
Output_0,33,0.005759620666503906,0.0031847661924159897,0.0015958309173583984,0.0013529226969896996,10,0.1,0.01,rbf,"{'C': 10, 'epsilon': 0.1, 'gamma': 0.01, 'kernel': 'rbf'}",-0.0020495499728339682,-0.0023945408601517702,-0.002334054680337418,-0.002259019448018162,-0.0024315704976038692,-0.002293747091789038,0.00013536441096062037,13
Output_0,34,0.0030014514923095703,0.006002902984619141,0.0,0.0,10,0.1,0.1,rbf,"{'C': 10, 'epsilon': 0.1, 'gamma': 0.1, 'kernel': 'rbf'}",-0.001555596536792187,-0.001732704528955305,-0.0016633827987294705,-0.0016108394416808444,-0.001632352488824519,-0.001638975158996465,5.859761199907703e-05,8
Output_0,35,0.0031251907348632812,0.0062503814697265625,0.0,0.0,10,0.1,1,rbf,"{'C': 10, 'epsilon': 0.1, 'gamma': 1, 'kernel': 'rbf'}",-0.002092887416129525,-0.0019420623431107805,-0.0022570494542568857,-0.0018492196477433581,-0.002164521042200864,-0.0020611479806882825,0.00014776046584727442,9
Output_0,36,0.0,0.0,0.0,0.0,10,1,0.01,rbf,"{'C': 10, 'epsilon': 1, 'gamma': 0.01, 'kernel': 'rbf'}",-0.04612454783741657,-0.04955894769385513,-0.049912281823652066,-0.04398064798394346,-0.05139882418140987,-0.04819504990405542,0.0027247544703748734,19
Output_0,37,0.0,0.0,0.0,0.0,10,1,0.1,rbf,"{'C': 10, 'epsilon': 1, 'gamma': 0.1, 'kernel': 'rbf'}",-0.04612454783741657,-0.04955894769385513,-0.049912281823652066,-0.04398064798394346,-0.05139882418140987,-0.04819504990405542,0.0027247544703748734,19
Output_0,38,0.0,0.0,0.0,0.0,10,1,1,rbf,"{'C': 10, 'epsilon': 1, 'gamma': 1, 'kernel': 'rbf'}",-0.04612454783741657,-0.04955894769385513,-0.049912281823652066,-0.04398064798394346,-0.05139882418140987,-0.04819504990405542,0.0027247544703748734,19
Output_0,39,0.003124237060546875,0.00624847412109375,0.0,0.0,10,10,0.01,rbf,"{'C': 10, 'epsilon': 10, 'gamma': 0.01, 'kernel': 'rbf'}",-0.046124547837416555,-0.04955894769385514,-0.049912281823652066,-0.043980647983943466,-0.05139882418140987,-0.04819504990405542,0.002724754470374874,19
Output_0,40,0.0,0.0,0.0,0.0,10,10,0.1,rbf,"{'C': 10, 'epsilon': 10, 'gamma': 0.1, 'kernel': 'rbf'}",-0.046124547837416555,-0.04955894769385514,-0.049912281823652066,-0.043980647983943466,-0.05139882418140987,-0.04819504990405542,0.002724754470374874,19
Output_0,41,0.0,0.0,0.0,0.0,10,10,1,rbf,"{'C': 10, 'epsilon': 10, 'gamma': 1, 'kernel': 'rbf'}",-0.046124547837416555,-0.04955894769385514,-0.049912281823652066,-0.043980647983943466,-0.05139882418140987,-0.04819504990405542,0.002724754470374874,19
Output_0,42,0.0,0.0,0.0,0.0,10,20,0.01,rbf,"{'C': 10, 'epsilon': 20, 'gamma': 0.01, 'kernel': 'rbf'}",-0.046124547837416555,-0.04955894769385514,-0.049912281823652066,-0.04398064798394346,-0.05139882418140987,-0.04819504990405542,0.002724754470374876,19
Output_0,43,0.0,0.0,0.0,0.0,10,20,0.1,rbf,"{'C': 10, 'epsilon': 20, 'gamma': 0.1, 'kernel': 'rbf'}",-0.046124547837416555,-0.04955894769385514,-0.049912281823652066,-0.04398064798394346,-0.05139882418140987,-0.04819504990405542,0.002724754470374876,19
Output_0,44,0.0031306266784667967,0.0062612533569335925,0.0,0.0,10,20,1,rbf,"{'C': 10, 'epsilon': 20, 'gamma': 1, 'kernel': 'rbf'}",-0.046124547837416555,-0.04955894769385514,-0.049912281823652066,-0.04398064798394346,-0.05139882418140987,-0.04819504990405542,0.002724754470374876,19
Output_1,0,0.1088752269744873,0.007365312773058753,0.05372762680053711,0.007923438029795473,0.1,0.01,0.01,rbf,"{'C': 0.1, 'epsilon': 0.01, 'gamma': 0.01, 'kernel': 'rbf'}",-0.045222789452201866,-0.047902457941223664,-0.04947328061505183,-0.046933195412472824,-0.041900022161946764,-0.04628634911657939,0.002590666846670467,17
Output_1,1,0.10283246040344238,0.010623627147207734,0.0556605339050293,0.010416450976625176,0.1,0.01,0.1,rbf,"{'C': 0.1, 'epsilon': 0.01, 'gamma': 0.1, 'kernel': 'rbf'}",-0.03828194111782972,-0.04073421494126654,-0.04340283394166309,-0.041065675006624384,-0.03664923043440173,-0.04002677908835709,0.00234221310049854,14
Output_1,2,0.09876389503479004,0.012746454043139725,0.05494427680969238,0.007025471584652452,0.1,0.01,1,rbf,"{'C': 0.1, 'epsilon': 0.01, 'gamma': 1, 'kernel': 'rbf'}",-0.009380503017571349,-0.010396489651033769,-0.011274333390629323,-0.010564775832759247,-0.009179205191017755,-0.010159061416602288,0.0007785986557336687,8
Output_1,3,0.07019205093383789,0.00945113229375658,0.0546879768371582,0.012690773073226665,0.1,0.1,0.01,rbf,"{'C': 0.1, 'epsilon': 0.1, 'gamma': 0.01, 'kernel': 'rbf'}",-0.04539817496039867,-0.04814196182250153,-0.049522408420203716,-0.04702225448354704,-0.04194773818861901,-0.04640650757505399,0.002607571394240037,18
Output_1,4,0.07633042335510254,0.006535451178280971,0.04537730216979981,0.002123476893858349,0.1,0.1,0.1,rbf,"{'C': 0.1, 'epsilon': 0.1, 'gamma': 0.1, 'kernel': 'rbf'}",-0.039016340976587634,-0.04148842557694423,-0.043784797984608194,-0.04128915814995631,-0.03703709610553717,-0.04052316375872671,0.0023056416975728512,16
Output_1,5,0.05624237060546875,0.007645513924870513,0.02187047004699707,0.007653098337764401,0.1,0.1,1,rbf,"{'C': 0.1, 'epsilon': 0.1, 'gamma': 1, 'kernel': 'rbf'}",-0.01573821459416778,-0.01735059665697666,-0.01827751901629302,-0.0174291748351051,-0.014946158209814051,-0.016748332662471326,0.0012192497822474705,10
Output_1,6,0.0,0.0,0.0,0.0,0.1,1,0.01,rbf,"{'C': 0.1, 'epsilon': 1, 'gamma': 0.01, 'kernel': 'rbf'}",-0.04735675437349876,-0.04976907132173697,-0.05063734644974417,-0.04799597629067275,-0.04314973717562626,-0.047781777122255786,0.0025994589478299983,28
Output_1,7,0.003124570846557617,0.006249141693115233,0.0,0.0,0.1,1,0.1,rbf,"{'C': 0.1, 'epsilon': 1, 'gamma': 0.1, 'kernel': 'rbf'}",-0.04735675437349876,-0.04976907132173697,-0.05063734644974417,-0.04799597629067275,-0.04314973717562626,-0.047781777122255786,0.0025994589478299983,28
Output_1,8,0.0,0.0,0.0,0.0,0.1,1,1,rbf,"{'C': 0.1, 'epsilon': 1, 'gamma': 1, 'kernel': 'rbf'}",-0.04735675437349876,-0.04976907132173697,-0.05063734644974417,-0.04799597629067275,-0.04314973717562626,-0.047781777122255786,0.0025994589478299983,28
Output_1,9,0.0,0.0,0.0,0.0,0.1,10,0.01,rbf,"{'C': 0.1, 'epsilon': 10, 'gamma': 0.01, 'kernel': 'rbf'}",-0.04735675437349877,-0.04976907132173697,-0.05063734644974418,-0.04799597629067275,-0.04314973717562626,-0.047781777122255786,0.0025994589478299996,28
Output_1,10,0.003123950958251953,0.006247901916503906,0.0,0.0,0.1,10,0.1,rbf,"{'C': 0.1, 'epsilon': 10, 'gamma': 0.1, 'kernel': 'rbf'}",-0.04735675437349877,-0.04976907132173697,-0.05063734644974418,-0.04799597629067275,-0.04314973717562626,-0.047781777122255786,0.0025994589478299996,28
Output_1,11,0.0,0.0,0.0,0.0,0.1,10,1,rbf,"{'C': 0.1, 'epsilon': 10, 'gamma': 1, 'kernel': 'rbf'}",-0.04735675437349877,-0.04976907132173697,-0.05063734644974418,-0.04799597629067275,-0.04314973717562626,-0.047781777122255786,0.0025994589478299996,28
Output_1,12,0.0031241893768310545,0.006248378753662109,0.0,0.0,0.1,20,0.01,rbf,"{'C': 0.1, 'epsilon': 20, 'gamma': 0.01, 'kernel': 'rbf'}",-0.04735675437349871,-0.049769071321736955,-0.050637346449744165,-0.04799597629067275,-0.04314973717562626,-0.04778177712225577,0.0025994589478299966,19
Output_1,13,0.0,0.0,0.0,0.0,0.1,20,0.1,rbf,"{'C': 0.1, 'epsilon': 20, 'gamma': 0.1, 'kernel': 'rbf'}",-0.04735675437349871,-0.049769071321736955,-0.050637346449744165,-0.04799597629067275,-0.04314973717562626,-0.04778177712225577,0.0025994589478299966,19
Output_1,14,0.0,0.0,0.0,0.0,0.1,20,1,rbf,"{'C': 0.1, 'epsilon': 20, 'gamma': 1, 'kernel': 'rbf'}",-0.04735675437349871,-0.049769071321736955,-0.050637346449744165,-0.04799597629067275,-0.04314973717562626,-0.04778177712225577,0.0025994589478299966,19
Output_1,15,0.10355134010314941,0.008028166035500746,0.05624265670776367,0.007644480321227259,1,0.01,0.01,rbf,"{'C': 1, 'epsilon': 0.01, 'gamma': 0.01, 'kernel': 'rbf'}",-0.03826931040505695,-0.040738399558313425,-0.04338011921522709,-0.04104642039552408,-0.03663417704142003,-0.04001368532310831,0.0023404507977412762,13
Output_1,16,0.10631756782531739,0.011667387342255647,0.04960346221923828,0.006609832037726444,1,0.01,0.1,rbf,"{'C': 1, 'epsilon': 0.01, 'gamma': 0.1, 'kernel': 'rbf'}",-0.009040206857319908,-0.009906623043906574,-0.010768687359288931,-0.010211715739091562,-0.008763295248107301,-0.009738105649542856,0.0007419058339872804,7
Output_1,17,0.10126738548278809,0.00539512313727911,0.03124370574951172,2.2404040505262916e-05,1,0.01,1,rbf,"{'C': 1, 'epsilon': 0.01, 'gamma': 1, 'kernel': 'rbf'}",-0.0016311341284356844,-0.0017165160268662783,-0.0016725895335101674,-0.0015238552963807673,-0.0015577910257117131,-0.0016203772021809218,7.115900561628985e-05,2
Output_1,18,0.07645764350891113,0.007200479149198702,0.036576128005981444,0.005726619683802342,1,0.1,0.01,rbf,"{'C': 1, 'epsilon': 0.1, 'gamma': 0.01, 'kernel': 'rbf'}",-0.03897971637129705,-0.04138017577886782,-0.04373280874365539,-0.04122486573437205,-0.03700345852592943,-0.040464205030824346,0.0022926774871374054,15
Output_1,19,0.05809354782104492,0.006298967068132224,0.022716474533081055,0.0067431684639654675,1,0.1,0.1,rbf,"{'C': 1, 'epsilon': 0.1, 'gamma': 0.1, 'kernel': 'rbf'}",-0.014816274889204749,-0.016581211438018374,-0.017215543935730764,-0.016588979372753256,-0.014181977788040003,-0.01587679748474943,0.001165569912033667,9
Output_1,20,0.022611331939697266,0.006985333787041977,0.0062487125396728516,0.0076530786658461055,1,0.1,1,rbf,"{'C': 1, 'epsilon': 0.1, 'gamma': 1, 'kernel': 'rbf'}",-0.004752476681588152,-0.004998549587268619,-0.005012563889337014,-0.004800797863177239,-0.004446664528170094,-0.004802210509908224,0.0002057600407834968,6
Output_1,21,0.0,0.0,0.0,0.0,1,1,0.01,rbf,"{'C': 1, 'epsilon': 1, 'gamma': 0.01, 'kernel': 'rbf'}",-0.04735675437349876,-0.04976907132173697,-0.05063734644974417,-0.04799597629067275,-0.04314973717562626,-0.047781777122255786,0.0025994589478299983,28
Output_1,22,0.0,0.0,0.0,0.0,1,1,0.1,rbf,"{'C': 1, 'epsilon': 1, 'gamma': 0.1, 'kernel': 'rbf'}",-0.04735675437349876,-0.04976907132173697,-0.05063734644974417,-0.04799597629067275,-0.04314973717562626,-0.047781777122255786,0.0025994589478299983,28
Output_1,23,0.0,0.0,0.0031176090240478517,0.0062352180480957035,1,1,1,rbf,"{'C': 1, 'epsilon': 1, 'gamma': 1, 'kernel': 'rbf'}",-0.04735675437349876,-0.04976907132173697,-0.05063734644974417,-0.04799597629067275,-0.04314973717562626,-0.047781777122255786,0.0025994589478299983,28
Output_1,24,0.0,0.0,0.0,0.0,1,10,0.01,rbf,"{'C': 1, 'epsilon': 10, 'gamma': 0.01, 'kernel': 'rbf'}",-0.04735675437349877,-0.04976907132173697,-0.05063734644974418,-0.04799597629067275,-0.04314973717562626,-0.047781777122255786,0.0025994589478299996,28
Output_1,25,0.0031242847442626955,0.006248569488525391,0.0,0.0,1,10,0.1,rbf,"{'C': 1, 'epsilon': 10, 'gamma': 0.1, 'kernel': 'rbf'}",-0.04735675437349877,-0.04976907132173697,-0.05063734644974418,-0.04799597629067275,-0.04314973717562626,-0.047781777122255786,0.0025994589478299996,28
Output_1,26,0.0,0.0,0.0,0.0,1,10,1,rbf,"{'C': 1, 'epsilon': 10, 'gamma': 1, 'kernel': 'rbf'}",-0.04735675437349877,-0.04976907132173697,-0.05063734644974418,-0.04799597629067275,-0.04314973717562626,-0.047781777122255786,0.0025994589478299996,28
Output_1,27,0.0,0.0,0.0,0.0,1,20,0.01,rbf,"{'C': 1, 'epsilon': 20, 'gamma': 0.01, 'kernel': 'rbf'}",-0.04735675437349871,-0.049769071321736955,-0.050637346449744165,-0.04799597629067275,-0.04314973717562626,-0.04778177712225577,0.0025994589478299966,19
Output_1,28,0.003124237060546875,0.00624847412109375,0.0,0.0,1,20,0.1,rbf,"{'C': 1, 'epsilon': 20, 'gamma': 0.1, 'kernel': 'rbf'}",-0.04735675437349871,-0.049769071321736955,-0.050637346449744165,-0.04799597629067275,-0.04314973717562626,-0.04778177712225577,0.0025994589478299966,19
Output_1,29,0.0,0.0,0.0,0.0,1,20,1,rbf,"{'C': 1, 'epsilon': 20, 'gamma': 1, 'kernel': 'rbf'}",-0.04735675437349871,-0.049769071321736955,-0.050637346449744165,-0.04799597629067275,-0.04314973717562626,-0.04778177712225577,0.0025994589478299966,19
Output_1,30,0.10746607780456544,0.006026214927102127,0.05295352935791016,0.0069531709633378555,10,0.01,0.01,rbf,"{'C': 10, 'epsilon': 0.01, 'gamma': 0.01, 'kernel': 'rbf'}",-0.01706373258903992,-0.01831120721775705,-0.019794263233370916,-0.01853453977875623,-0.0173056624582093,-0.018201881055426684,0.0009753855383537717,11
Output_1,31,0.12235965728759765,0.006006892486700249,0.039917278289794925,0.007713100015398772,10,0.01,0.1,rbf,"{'C': 10, 'epsilon': 0.01, 'gamma': 0.1, 'kernel': 'rbf'}",-0.002875174466195927,-0.0028869236031707646,-0.003331273890262697,-0.002965154418838445,-0.0026843208094239975,-0.002948569437578366,0.00021248629504667574,4
Output_1,32,0.2065197467803955,0.01190226516778818,0.01560349464416504,3.782806608830875e-05,10,0.01,1,rbf,"{'C': 10, 'epsilon': 0.01, 'gamma': 1, 'kernel': 'rbf'}",-0.00033874412791134464,-0.0003290593697789856,-0.0003119500079776742,-0.00025964663064005834,-0.00033585784499629375,-0.0003150515962608713,2.9222538653257576e-05,1
Output_1,33,0.06267509460449219,0.007670701376632736,0.03098011016845703,0.0005287604439729234,10,0.1,0.01,rbf,"{'C': 10, 'epsilon': 0.1, 'gamma': 0.01, 'kernel': 'rbf'}",-0.019975053616300368,-0.02183907424882162,-0.023099360057896128,-0.02204477763606628,-0.019677466108974574,-0.021327146333611793,0.0013013382282051854,12
Output_1,34,0.03436708450317383,0.00624835516539259,0.006248664855957031,0.007653020236863752,10,0.1,0.1,rbf,"{'C': 10, 'epsilon': 0.1, 'gamma': 0.1, 'kernel': 'rbf'}",-0.004506387855019075,-0.004361560019893053,-0.00507706665596324,-0.004443693388639699,-0.0042413246168440605,-0.004526006507271825,0.00028945260559881225,5
Output_1,35,0.021464204788208006,0.007184247507373805,0.000399017333984375,0.00079803466796875,10,0.1,1,rbf,"{'C': 10, 'epsilon': 0.1, 'gamma': 1, 'kernel': 'rbf'}",-0.002254499377578646,-0.002372033456348032,-0.0022935161558378684,-0.002164438354372873,-0.0025208026358133403,-0.002321057995990152,0.00012017881134454636,3
Output_1,36,0.0005984783172607421,0.00048865760142425,0.00039873123168945315,0.0004883479653914794,10,1,0.01,rbf,"{'C': 10, 'epsilon': 1, 'gamma': 0.01, 'kernel': 'rbf'}",-0.04735675437349876,-0.04976907132173697,-0.05063734644974417,-0.04799597629067275,-0.04314973717562626,-0.047781777122255786,0.0025994589478299983,28
Output_1,37,0.000400543212890625,0.0004905684600510048,0.00039844512939453126,0.00048799477029815274,10,1,0.1,rbf,"{'C': 10, 'epsilon': 1, 'gamma': 0.1, 'kernel': 'rbf'}",-0.04735675437349876,-0.04976907132173697,-0.05063734644974417,-0.04799597629067275,-0.04314973717562626,-0.047781777122255786,0.0025994589478299983,28
Output_1,38,0.000796365737915039,0.0003981949281782199,0.0003924846649169922,0.0004807950366669903,10,1,1,rbf,"{'C': 10, 'epsilon': 1, 'gamma': 1, 'kernel': 'rbf'}",-0.04735675437349876,-0.04976907132173697,-0.05063734644974417,-0.04799597629067275,-0.04314973717562626,-0.047781777122255786,0.0025994589478299983,28
Output_1,39,0.0008025169372558594,0.0004013604954088558,0.0001994609832763672,0.00039892196655273444,10,10,0.01,rbf,"{'C': 10, 'epsilon': 10, 'gamma': 0.01, 'kernel': 'rbf'}",-0.04735675437349877,-0.04976907132173697,-0.05063734644974418,-0.04799597629067275,-0.04314973717562626,-0.047781777122255786,0.0025994589478299996,28
Output_1,40,0.0005984306335449219,0.0004886167135700321,0.000399017333984375,0.0004886944566570864,10,10,0.1,rbf,"{'C': 10, 'epsilon': 10, 'gamma': 0.1, 'kernel': 'rbf'}",-0.04735675437349877,-0.04976907132173697,-0.05063734644974418,-0.04799597629067275,-0.04314973717562626,-0.047781777122255786,0.0025994589478299996,28
Output_1,41,0.0005980491638183594,0.000488305338064232,0.0003996372222900391,0.0004894536442237294,10,10,1,rbf,"{'C': 10, 'epsilon': 10, 'gamma': 1, 'kernel': 'rbf'}",-0.04735675437349877,-0.04976907132173697,-0.05063734644974418,-0.04799597629067275,-0.04314973717562626,-0.047781777122255786,0.0025994589478299996,28
Output_1,42,0.0005983829498291016,0.0004885776326209085,0.00016078948974609374,0.0003215789794921875,10,20,0.01,rbf,"{'C': 10, 'epsilon': 20, 'gamma': 0.01, 'kernel': 'rbf'}",-0.04735675437349871,-0.049769071321736955,-0.050637346449744165,-0.04799597629067275,-0.04314973717562626,-0.04778177712225577,0.0025994589478299966,19
Output_1,43,0.0,0.0,0.0,0.0,10,20,0.1,rbf,"{'C': 10, 'epsilon': 20, 'gamma': 0.1, 'kernel': 'rbf'}",-0.04735675437349871,-0.049769071321736955,-0.050637346449744165,-0.04799597629067275,-0.04314973717562626,-0.04778177712225577,0.0025994589478299966,19
Output_1,44,0.0,0.0,0.0,0.0,10,20,1,rbf,"{'C': 10, 'epsilon': 20, 'gamma': 1, 'kernel': 'rbf'}",-0.04735675437349871,-0.049769071321736955,-0.050637346449744165,-0.04799597629067275,-0.04314973717562626,-0.04778177712225577,0.0025994589478299966,19
Output_2,0,0.08451600074768066,0.010568601238736687,0.04699301719665527,0.010975603158224432,0.1,0.01,0.01,rbf,"{'C': 0.1, 'epsilon': 0.01, 'gamma': 0.01, 'kernel': 'rbf'}",-0.0006504852798901897,-0.000699667364599965,-0.0006894196338891834,-0.0007629263522369445,-0.0008517937806093432,-0.0007308584822451252,7.04323935502167e-05,9
Output_2,1,0.018921661376953124,0.0038924351442772257,0.008864831924438477,0.005025673274084692,0.1,0.01,0.1,rbf,"{'C': 0.1, 'epsilon': 0.01, 'gamma': 0.1, 'kernel': 'rbf'}",-5.632232232004885e-05,-5.537272994166719e-05,-5.6329591894177296e-05,-5.542527679350132e-05,-6.356495354085171e-05,-5.7402974898049275e-05,3.1087980390286212e-06,7
Output_2,2,0.012497234344482421,0.006248650427908445,0.006248617172241211,0.0076529618977553655,0.1,0.01,1,rbf,"{'C': 0.1, 'epsilon': 0.01, 'gamma': 1, 'kernel': 'rbf'}",-4.495870281590478e-05,-4.481941967367593e-05,-4.0046224605968484e-05,-4.03580409471401e-05,-5.663346474267313e-05,-4.5363170557072486e-05,6.013318998124192e-06,5
Output_2,3,0.028193235397338867,0.006287360540278888,0.015628337860107422,1.253909472685309e-05,0.1,0.1,0.01,rbf,"{'C': 0.1, 'epsilon': 0.1, 'gamma': 0.01, 'kernel': 'rbf'}",-0.0063850584820191745,-0.006813708993695906,-0.006468802138242693,-0.007336991237641971,-0.007305508674706041,-0.006862013905261158,0.00040167808273880543,18
Output_2,4,0.006248617172241211,0.0076529875230582686,0.0,0.0,0.1,0.1,0.1,rbf,"{'C': 0.1, 'epsilon': 0.1, 'gamma': 0.1, 'kernel': 'rbf'}",-0.003878164234423658,-0.004037334974237245,-0.00395166630910734,-0.004136715052784775,-0.004197603501240469,-0.004040296814358697,0.00011678440210346196,16
Output_2,5,0.0031241893768310545,0.006248378753662109,0.0,0.0,0.1,0.1,1,rbf,"{'C': 0.1, 'epsilon': 0.1, 'gamma': 1, 'kernel': 'rbf'}",-0.0029134077373164004,-0.002888772161330148,-0.0028205460560178264,-0.002885075506186837,-0.003206304300482371,-0.002942821152266717,0.00013527421823672923,10
Output_2,6,0.0,0.0,0.0,0.0,0.1,1,0.01,rbf,"{'C': 0.1, 'epsilon': 1, 'gamma': 0.01, 'kernel': 'rbf'}",-0.0449192214729061,-0.04611740317658251,-0.044619291199367944,-0.04914576993668293,-0.048525609636192985,-0.046665459084346494,0.0018519511919548187,28
Output_2,7,0.003124523162841797,0.006249046325683594,0.0,0.0,0.1,1,0.1,rbf,"{'C': 0.1, 'epsilon': 1, 'gamma': 0.1, 'kernel': 'rbf'}",-0.0449192214729061,-0.04611740317658251,-0.044619291199367944,-0.04914576993668293,-0.048525609636192985,-0.046665459084346494,0.0018519511919548187,28
Output_2,8,0.0,0.0,0.0,0.0,0.1,1,1,rbf,"{'C': 0.1, 'epsilon': 1, 'gamma': 1, 'kernel': 'rbf'}",-0.0449192214729061,-0.04611740317658251,-0.044619291199367944,-0.04914576993668293,-0.048525609636192985,-0.046665459084346494,0.0018519511919548187,28
Output_2,9,0.0,0.0,0.0,0.0,0.1,10,0.01,rbf,"{'C': 0.1, 'epsilon': 10, 'gamma': 0.01, 'kernel': 'rbf'}",-0.044919221472906085,-0.04611740317658251,-0.044619291199367944,-0.04914576993668293,-0.048525609636192985,-0.04666545908434649,0.001851951191954821,19
Output_2,10,0.0,0.0,0.003124570846557617,0.006249141693115233,0.1,10,0.1,rbf,"{'C': 0.1, 'epsilon': 10, 'gamma': 0.1, 'kernel': 'rbf'}",-0.044919221472906085,-0.04611740317658251,-0.044619291199367944,-0.04914576993668293,-0.048525609636192985,-0.04666545908434649,0.001851951191954821,19
Output_2,11,0.0,0.0,0.0,0.0,0.1,10,1,rbf,"{'C': 0.1, 'epsilon': 10, 'gamma': 1, 'kernel': 'rbf'}",-0.044919221472906085,-0.04611740317658251,-0.044619291199367944,-0.04914576993668293,-0.048525609636192985,-0.04666545908434649,0.001851951191954821,19
Output_2,12,5.979537963867188e-05,0.00011959075927734376,0.0,0.0,0.1,20,0.01,rbf,"{'C': 0.1, 'epsilon': 20, 'gamma': 0.01, 'kernel': 'rbf'}",-0.044919221472906085,-0.046117403176582535,-0.04461929119936796,-0.049145769936682945,-0.048525609636192985,-0.0466654590843465,0.00185195119195482,37
Output_2,13,0.00040493011474609377,0.0004960131905976352,0.0006043434143066407,0.0004935674926727039,0.1,20,0.1,rbf,"{'C': 0.1, 'epsilon': 20, 'gamma': 0.1, 'kernel': 'rbf'}",-0.044919221472906085,-0.046117403176582535,-0.04461929119936796,-0.049145769936682945,-0.048525609636192985,-0.0466654590843465,0.00185195119195482,37
Output_2,14,0.0005919933319091797,0.00048350493106668463,0.00039887428283691406,0.0004889338107675829,0.1,20,1,rbf,"{'C': 0.1, 'epsilon': 20, 'gamma': 1, 'kernel': 'rbf'}",-0.044919221472906085,-0.046117403176582535,-0.04461929119936796,-0.049145769936682945,-0.048525609636192985,-0.0466654590843465,0.00185195119195482,37
Output_2,15,0.05962095260620117,0.005892927951196698,0.018761110305786134,0.00626365064177519,1,0.01,0.01,rbf,"{'C': 1, 'epsilon': 0.01, 'gamma': 0.01, 'kernel': 'rbf'}",-0.0001222634569523711,-0.000132201246180877,-0.00011887244154203856,-0.000131201614791009,-0.0001398064175614347,-0.00012886903540554605,7.4797919655246365e-06,8
Output_2,16,0.009379291534423828,0.007658169320643632,0.0031243324279785155,0.006248664855957031,1,0.01,0.1,rbf,"{'C': 1, 'epsilon': 0.01, 'gamma': 0.1, 'kernel': 'rbf'}",-4.2124839046124034e-05,-3.9747120198634714e-05,-3.88043653827403e-05,-3.8685518317187544e-05,-4.1924163017513754e-05,-4.025720119244007e-05,1.4904988728151202e-06,4
Output_2,17,0.009372854232788086,0.007652903534136526,0.0,0.0,1,0.01,1,rbf,"{'C': 1, 'epsilon': 0.01, 'gamma': 1, 'kernel': 'rbf'}",-4.053240233260847e-05,-3.7933142664294174e-05,-3.620591126792135e-05,-3.532055080661348e-05,-4.234943756739714e-05,-3.846828892776692e-05,2.631990440309001e-06,3
Output_2,18,0.006940984725952148,0.004925868155151115,0.0023978233337402345,0.0004811771394895377,1,0.1,0.01,rbf,"{'C': 1, 'epsilon': 0.1, 'gamma': 0.01, 'kernel': 'rbf'}",-0.004021721129332114,-0.004193191897490925,-0.004122344484382242,-0.0042647143946636734,-0.004350971830877511,-0.004190588747349293,0.00011348803752393206,17
Output_2,19,0.0017940998077392578,0.00039983300414565137,0.0007984161376953125,0.00039921305248250005,1,0.1,0.1,rbf,"{'C': 1, 'epsilon': 0.1, 'gamma': 0.1, 'kernel': 'rbf'}",-0.0036827087321465663,-0.003841399956385394,-0.0037848660273085365,-0.0038832372876214205,-0.004033780693704199,-0.0038451985394332235,0.00011581671209087988,13
Output_2,20,0.0009978771209716796,1.2936267820597208e-06,0.0005976676940917969,0.0004879950964523029,1,0.1,1,rbf,"{'C': 1, 'epsilon': 0.1, 'gamma': 1, 'kernel': 'rbf'}",-0.0030309539549807805,-0.002976247821586023,-0.0029116691845569244,-0.0029420101693394276,-0.0030204345015728035,-0.002976263126407192,4.536042270518709e-05,11
Output_2,21,0.0005978584289550781,0.0004885774743920887,0.0003989696502685547,0.0004886360853561638,1,1,0.01,rbf,"{'C': 1, 'epsilon': 1, 'gamma': 0.01, 'kernel': 'rbf'}",-0.0449192214729061,-0.04611740317658251,-0.044619291199367944,-0.04914576993668293,-0.048525609636192985,-0.046665459084346494,0.0018519511919548187,28
Output_2,22,0.0004638195037841797,0.00045148753156869844,0.0,0.0,1,1,0.1,rbf,"{'C': 1, 'epsilon': 1, 'gamma': 0.1, 'kernel': 'rbf'}",-0.0449192214729061,-0.04611740317658251,-0.044619291199367944,-0.04914576993668293,-0.048525609636192985,-0.046665459084346494,0.0018519511919548187,28
Output_2,23,0.0,0.0,0.0,0.0,1,1,1,rbf,"{'C': 1, 'epsilon': 1, 'gamma': 1, 'kernel': 'rbf'}",-0.0449192214729061,-0.04611740317658251,-0.044619291199367944,-0.04914576993668293,-0.048525609636192985,-0.046665459084346494,0.0018519511919548187,28
Output_2,24,0.0,0.0,0.0,0.0,1,10,0.01,rbf,"{'C': 1, 'epsilon': 10, 'gamma': 0.01, 'kernel': 'rbf'}",-0.044919221472906085,-0.04611740317658251,-0.044619291199367944,-0.04914576993668293,-0.048525609636192985,-0.04666545908434649,0.001851951191954821,19
Output_2,25,0.003124570846557617,0.006249141693115233,0.0,0.0,1,10,0.1,rbf,"{'C': 1, 'epsilon': 10, 'gamma': 0.1, 'kernel': 'rbf'}",-0.044919221472906085,-0.04611740317658251,-0.044619291199367944,-0.04914576993668293,-0.048525609636192985,-0.04666545908434649,0.001851951191954821,19
Output_2,26,0.0,0.0,0.0,0.0,1,10,1,rbf,"{'C': 1, 'epsilon': 10, 'gamma': 1, 'kernel': 'rbf'}",-0.044919221472906085,-0.04611740317658251,-0.044619291199367944,-0.04914576993668293,-0.048525609636192985,-0.04666545908434649,0.001851951191954821,19
Output_2,27,0.0,0.0,0.0,0.0,1,20,0.01,rbf,"{'C': 1, 'epsilon': 20, 'gamma': 0.01, 'kernel': 'rbf'}",-0.044919221472906085,-0.046117403176582535,-0.04461929119936796,-0.049145769936682945,-0.048525609636192985,-0.0466654590843465,0.00185195119195482,37
Output_2,28,0.0031242847442626955,0.00624856948852539,0.0,0.0,1,20,0.1,rbf,"{'C': 1, 'epsilon': 20, 'gamma': 0.1, 'kernel': 'rbf'}",-0.044919221472906085,-0.046117403176582535,-0.04461929119936796,-0.049145769936682945,-0.048525609636192985,-0.0466654590843465,0.00185195119195482,37
Output_2,29,0.0,0.0,0.0,0.0,1,20,1,rbf,"{'C': 1, 'epsilon': 20, 'gamma': 1, 'kernel': 'rbf'}",-0.044919221472906085,-0.046117403176582535,-0.04461929119936796,-0.049145769936682945,-0.048525609636192985,-0.0466654590843465,0.00185195119195482,37
Output_2,30,0.04543271064758301,0.002880552827282294,0.004632377624511718,0.0062223631684254046,10,0.01,0.01,rbf,"{'C': 10, 'epsilon': 0.01, 'gamma': 0.01, 'kernel': 'rbf'}",-5.494868623278173e-05,-5.643030825609543e-05,-5.4909787934702624e-05,-5.2694510866412935e-05,-5.661918344711053e-05,-5.512049534742065e-05,1.4086158144519572e-06,6
Output_2,31,0.0062481403350830075,0.007652403521154691,0.0031243324279785155,0.006248664855957031,10,0.01,0.1,rbf,"{'C': 10, 'epsilon': 0.01, 'gamma': 0.1, 'kernel': 'rbf'}",-4.153387715201459e-05,-3.6046411512000135e-05,-3.614740842353112e-05,-3.818239867826176e-05,-3.921930773408628e-05,-3.822588069997877e-05,2.049476100387588e-06,2
Output_2,32,0.0062488079071044925,0.007653195466618446,0.0031305789947509766,0.006261157989501954,10,0.01,1,rbf,"{'C': 10, 'epsilon': 0.01, 'gamma': 1, 'kernel': 'rbf'}",-3.9053936488658465e-05,-3.964822317592938e-05,-3.408917651337174e-05,-3.7668645118339803e-05,-3.9538430844571445e-05,-3.7999682428174164e-05,2.0783901039135658e-06,1
Output_2,33,0.0,0.0,0.0,0.0,10,0.1,0.01,rbf,"{'C': 10, 'epsilon': 0.1, 'gamma': 0.01, 'kernel': 'rbf'}",-0.0038166532917869754,-0.0039717312466208835,-0.003913170977997066,-0.0040756573523544224,-0.004089353186427995,-0.003973313211037469,0.00010207989053345531,15
Output_2,34,0.003117942810058594,0.0062358856201171885,0.0,0.0,10,0.1,0.1,rbf,"{'C': 10, 'epsilon': 0.1, 'gamma': 0.1, 'kernel': 'rbf'}",-0.0036948239430696517,-0.0038437359204719058,-0.0038010062195706685,-0.0038658817771804214,-0.004042112335173087,-0.003849512039093147,0.00011285160831851219,14
Output_2,35,0.0,0.0,0.0,0.0,10,0.1,1,rbf,"{'C': 10, 'epsilon': 0.1, 'gamma': 1, 'kernel': 'rbf'}",-0.0030309539549807805,-0.002976247821586023,-0.0029116691845569244,-0.0029420101693394276,-0.0030204345015728035,-0.002976263126407192,4.536042270518709e-05,11
Output_2,36,0.0,0.0,0.0,0.0,10,1,0.01,rbf,"{'C': 10, 'epsilon': 1, 'gamma': 0.01, 'kernel': 'rbf'}",-0.0449192214729061,-0.04611740317658251,-0.044619291199367944,-0.04914576993668293,-0.048525609636192985,-0.046665459084346494,0.0018519511919548187,28
Output_2,37,0.0,0.0,0.0,0.0,10,1,0.1,rbf,"{'C': 10, 'epsilon': 1, 'gamma': 0.1, 'kernel': 'rbf'}",-0.0449192214729061,-0.04611740317658251,-0.044619291199367944,-0.04914576993668293,-0.048525609636192985,-0.046665459084346494,0.0018519511919548187,28
Output_2,38,0.0027361392974853517,0.004493858806826478,0.00019869804382324218,0.00039739608764648436,10,1,1,rbf,"{'C': 10, 'epsilon': 1, 'gamma': 1, 'kernel': 'rbf'}",-0.0449192214729061,-0.04611740317658251,-0.044619291199367944,-0.04914576993668293,-0.048525609636192985,-0.046665459084346494,0.0018519511919548187,28
Output_2,39,0.0007982254028320312,0.00039912064862286255,0.00020575523376464844,0.0004115104675292969,10,10,0.01,rbf,"{'C': 10, 'epsilon': 10, 'gamma': 0.01, 'kernel': 'rbf'}",-0.044919221472906085,-0.04611740317658251,-0.044619291199367944,-0.04914576993668293,-0.048525609636192985,-0.04666545908434649,0.001851951191954821,19
Output_2,40,0.0001995563507080078,0.0003991127014160156,0.00039887428283691406,0.0004885192380524391,10,10,0.1,rbf,"{'C': 10, 'epsilon': 10, 'gamma': 0.1, 'kernel': 'rbf'}",-0.044919221472906085,-0.04611740317658251,-0.044619291199367944,-0.04914576993668293,-0.048525609636192985,-0.04666545908434649,0.001851951191954821,19
Output_2,41,0.0007917404174804688,0.00039608315442986585,0.0,0.0,10,10,1,rbf,"{'C': 10, 'epsilon': 10, 'gamma': 1, 'kernel': 'rbf'}",-0.044919221472906085,-0.04611740317658251,-0.044619291199367944,-0.04914576993668293,-0.048525609636192985,-0.04666545908434649,0.001851951191954821,19
Output_2,42,0.0004055500030517578,0.0004968122850435057,0.0003989696502685547,0.000488636038823848,10,20,0.01,rbf,"{'C': 10, 'epsilon': 20, 'gamma': 0.01, 'kernel': 'rbf'}",-0.044919221472906085,-0.046117403176582535,-0.04461929119936796,-0.049145769936682945,-0.048525609636192985,-0.0466654590843465,0.00185195119195482,37
Output_2,43,0.0010005474090576173,6.884643518940988e-06,0.0,0.0,10,20,0.1,rbf,"{'C': 10, 'epsilon': 20, 'gamma': 0.1, 'kernel': 'rbf'}",-0.044919221472906085,-0.046117403176582535,-0.04461929119936796,-0.049145769936682945,-0.048525609636192985,-0.0466654590843465,0.00185195119195482,37
Output_2,44,0.0005954265594482422,0.0004862084668364466,0.00019927024841308593,0.00039854049682617185,10,20,1,rbf,"{'C': 10, 'epsilon': 20, 'gamma': 1, 'kernel': 'rbf'}",-0.044919221472906085,-0.046117403176582535,-0.04461929119936796,-0.049145769936682945,-0.048525609636192985,-0.0466654590843465,0.00185195119195482,37
